locus	SNP	CHR	BP	Gene	Known_locus	Minor_major	MAF	OR_minor	CI_95	P
1	rs679515	1	207577223	CR1	CR1	T/C	0.188	1.13	1.11–1.15	7.2 × 10−46
2	rs6733839	2	127135234	BIN1	BIN1	T/C	0.389	1.17	1.16–1.19	6.1 × 10−118
3	rs10933431	2	233117202	INPP5D	INPP5D	G/C	0.234	0.93	0.92–0.95	3.6 × 10−18
4	rs6846529	4	11023507	CLNK	CLNK/HS3ST1	C/T	0.283	1.07	1.05–1.08	2.2 × 10−17
5	rs6605556	6	32615322	HLA-DQA1	HLA	G/A	0.161	0.91	0.90–0.93	7.1 × 10−20
6	rs10947943	6	41036354	UNC5CL	TREM2	A/G	0.142	0.94	0.93–0.96	1.1 × 10−9
7	rs143332484	6	41161469	TREM2	TREM2	T/C	0.013	1.41	1.32–1.50	2.8 × 10−25
8	rs75932628	6	41161514	TREM2	TREM2	T/C	0.003	2.39	2.09–2.73	2.5 × 10−37
9	rs60755019	6	41181270	TREML2	TREM2	G/A	0.004	1.55	1.33–1.80	2.1 × 10−8
10	rs7767350	6	47517390	CD2AP	CD2AP	T/C	0.271	1.08	1.06–1.09	7.9 × 10−22
11	rs6966331	7	37844191	EPDR1	NME8	T/C	0.349	0.96	0.94–0.97	4.6 × 10−10
12	rs7384878	7	100334426	SPDYE3	ZCWPW1/NYAP1	C/T	0.31	0.92	0.91–0.94	1.1 × 10−26
13	rs11771145	7	143413669	EPHA1	EPHA1	A/G	0.348	0.95	0.93–0.96	3.3 × 10−14
14	rs73223431	8	27362470	PTK2B	PTK2B	T/C	0.369	1.07	1.06–1.08	4.0 × 10−22
15	rs11787077	8	27607795	CLU	CLU	T/C	0.392	0.91	0.90–0.92	1.7 × 10−44
16	rs7912495	10	11676714	USP6NL	ECHDC3	G/A	0.462	1.06	1.05–1.08	9.7 × 10−19
17	rs10437655	11	47370397	SPI1	CELF1/SPI1	A/G	0.399	1.06	1.04–1.07	5.3 × 10−14
18	rs1582763	11	60254475	MS4A4A	MS4A	A/G	0.371	0.91	0.90–0.92	3.7 × 10−42
19	rs3851179	11	86157598	EED	PICALM	T/C	0.358	0.9	0.89–0.92	3.0 × 10−48
20	rs74685827	11	121482368	SORL1	SORL1	G/T	0.019	1.19	1.13–1.25	2.8 × 10−11
21	rs11218343	11	121564878	SORL1	SORL1	C/T	0.039	0.84	0.81–0.87	1.4 × 10−21
22	rs17125924	14	52924962	FERMT2	FERMT2	G/A	0.089	1.1	1.07–1.12	8.3 × 10−16
23	rs7401792	14	92464917	SLC24A4	SLC24A4/RIN3	G/A	0.371	1.04	1.02–1.05	4.8 × 10−8
24	rs12590654	14	92472511	SLC24A4	SLC24A4/RIN3	A/G	0.328	0.93	0.92–0.95	4.2 × 10−21
25	rs8025980	15	50701814	SPPL2A	SPPL2A	G/A	0.345	0.96	0.94–0.97	1.3 × 10−8
26	rs602602	15	58764824	MINDY2	ADAM10	A/T	0.28	0.94	0.93–0.96	2.1 × 10−15
27	rs117618017	15	63277703	APH1B	APH1B	T/C	0.144	1.11	1.09–1.13	2.2 × 10−25
28	rs889555	16	31111250	BCKDK	KAT8	T/C	0.281	0.95	0.94–0.97	2.0 × 10−11
29	rs4985556	16	70660097	IL34	IL34	A/C	0.115	1.07	1.05–1.09	6.0 × 10−10
30	rs12446759	16	81739398	PLCG2	PLCG2	G/A	0.403	0.95	0.94–0.96	1.2 × 10−13
31	rs72824905	16	81908423	PLCG2	PLCG2	G/C	0.008	0.74	0.68–0.81	8.5 × 10−12
32	rs7225151	17	5233752	SCIMP	SCIMP/RABEP1	A/G	0.124	1.08	1.05–1.10	4.1 × 10−13
33	rs199515	17	46779275	WNT3	MAPT	G/C	0.219	0.94	0.93–0.96	9.3 × 10−13
34	rs616338	17	49219935	ABI3	ABI3	T/C	0.012	1.32	1.23–1.42	2.8 × 10−14
35	rs2526377	17	58332680	TSPOAP1	TSPOAP1	G/A	0.445	0.95	0.94–0.97	1.6 × 10−12
36	rs4277405	17	63471557	ACE	ACE	C/T	0.384	0.94	0.93–0.95	8.8 × 10−20
37	rs12151021	19	1050875	ABCA7	ABCA7	A/G	0.336	1.1	1.09–1.12	1.6 × 10−37
38	rs6014724	20	56423488	CASS4	CASS4	G/A	0.09	0.89	0.87–0.91	4.1 × 10−21
39	rs2830489	21	26775872	ADAMTS1	ADAMTS1	T/C	0.281	0.95	0.94–0.97	1.7 × 10−10
40	rs141749679	1	109345810	SORT1	NA	C/T	0.004	1.38	1.24–1.54	7.5 × 10−9
41	rs72777026	2	9558882	ADAM17	NA	G/A	0.144	1.06	1.04–1.08	2.7 × 10−8
42	rs17020490	2	37304796	PRKD3	NA	C/T	0.145	1.06	1.04–1.08	3.3 × 10−9
43	rs143080277	2	105749599	NCK2	NA	C/T	0.005	1.47	1.33–1.63	2.1 × 10−13
44	rs139643391	2	202878716	WDR12	NA	T/TC	0.131	0.94	0.92–0.96	1.1 × 10−8
45	rs16824536	3	155069722	MME	NA	A/G	0.054	0.92	0.89–0.95	3.6 × 10−8
46	rs61762319	3	155084189	MME	NA	G/A	0.026	1.16	1.11–1.21	2.2 × 10−11
47	rs3822030	4	993555	IDUA	NA	G/T	0.429	0.95	0.94–0.96	8.3 × 10−12
48	rs2245466	4	40197226	RHOH	NA	G/C	0.343	1.05	1.03–1.06	1.2 × 10−9
49	rs112403360	5	14724304	ANKH	NA	A/T	0.073	1.09	1.06–1.12	2.3 × 10−9
50	rs62374257	5	86927378	COX7C	NA	C/T	0.23	1.07	1.05–1.09	1.4 × 10−15
51	rs871269	5	151052827	TNIP1	NA	T/C	0.326	0.96	0.95–0.97	8.7 × 10−9
52	rs113706587	5	180201150	RASGEF1C	NA	A/G	0.11	1.09	1.07–1.12	2.2 × 10−16
53	rs785129	6	114291731	HS3ST5	NA	T/C	0.35	1.04	1.03–1.06	2.4 × 10−9
54	rs6943429	7	7817263	UMAD1	NA	T/C	0.42	1.05	1.03–1.06	1.0 × 10−10
55	rs10952097	7	8204382	ICA1	NA	T/C	0.114	1.07	1.05–1.10	6.8 × 10−9
56	rs13237518	7	12229967	TMEM106B	NA	A/C	0.411	0.96	0.94–0.97	4.9 × 10−11
57	rs1160871	7	28129126	JAZF1	NA	G/GTCTT	0.222	0.95	0.93–0.97	9.8 × 10−9
58	rs76928645	7	54873635	SEC61G	NA	T/C	0.103	0.93	0.91–0.95	1.6 × 10−10
59	rs1065712	8	11844613	CTSB	NA	C/G	0.053	1.09	1.06–1.12	1.9 × 10−9
60	rs34173062	8	144103704	SHARPIN	NA	A/G	0.081	1.13	1.09–1.16	1.7 × 10−16
61	rs1800978	9	104903697	ABCA1	NA	G/C	0.13	1.06	1.04–1.08	1.6 × 10−9
62	rs7068231	10	60025170	ANK3	NA	T/G	0.403	0.95	0.94–0.96	3.3 × 10−13
63	rs6586028	10	80494228	TSPAN14	NA	C/T	0.196	0.93	0.91–0.94	2.0 × 10−19
64	rs6584063	10	96266650	BLNK	NA	G/A	0.043	0.89	0.86–0.92	6.7 × 10−11
65	rs7908662	10	122413396	PLEKHA1	NA	G/A	0.467	0.96	0.95–0.97	2.6 × 10−9
66	rs6489896	12	113281983	TPCN1	NA	C/T	0.076	1.08	1.05–1.10	1.8 × 10−9
67	rs7157106	14	105761758	IGH_gene_cluster	NA	A/G	0.36	1.05	1.03–1.07	2.0 × 10−8
68	rs10131280	14	106665591	IGH_gene_cluster	NA	A/G	0.133	0.94	0.92–0.96	4.3 × 10−10
69	rs3848143	15	64131307	SNX1	NA	G/A	0.22	1.05	1.04–1.07	8.4 × 10−11
70	rs12592898	15	78936857	CTSH	NA	A/G	0.133	0.94	0.92–0.96	4.2 × 10−9
71	rs1140239	16	30010081	DOC2A	NA	T/C	0.379	0.94	0.93–0.96	2.6 × 10−13
72	rs450674	16	79574511	MAF	NA	C/T	0.373	0.96	0.95–0.98	3.2 × 10−8
73	rs16941239	16	86420604	FOXF1	NA	A/T	0.029	1.13	1.08–1.17	1.3 × 10−8
74	rs56407236	16	90103687	PRDM7	NA	A/G	0.069	1.11	1.08–1.14	6.5 × 10−15
75	rs35048651	17	1728046	WDR81	NA	T/TGAG	0.214	1.06	1.04–1.08	7.7 × 10−11
76	rs2242595	17	18156140	MYO15A	NA	A/G	0.112	0.94	0.92–0.96	1.1 × 10−9
77	rs5848	17	44352876	GRN	NA	T/C	0.289	1.07	1.06–1.09	2.4 × 10−20
78	rs149080927	19	1854254	KLF16	NA	G/GC	0.48	1.05	1.04–1.07	5.1 × 10−10
79	rs9304690	19	49950060	SIGLEC11	NA	T/C	0.24	1.05	1.03–1.07	4.7 × 10−9
80	rs587709	19	54267597	LILRB2	NA	C/T	0.325	1.05	1.04–1.07	3.6 × 10−11
81	rs1358782	20	413334	RBCK1	NA	A/G	0.246	0.95	0.94–0.97	1.6 × 10−8
82	rs6742	20	63743088	SLC2A4RG	NA	T/C	0.221	0.95	0.93–0.97	2.6 × 10−9
83	rs2154481	21	26101558	APP	NA	C/T	0.476	0.95	0.94–0.97	1.0 × 10−12
