locus	CHR	Gene	SNP	BP	A1	A2	Z	P
1	1	ADAMTS4	rs4575098	161155392	A	G	6.36	2.05 × 10−10
2	1	CR1	rs2093760	207786828	A	G	8.82	1.10 × 10−18
3	2	BIN1	rs4663105	127891427	C	A	13.94	3.38 × 10−44
4	2	INPPD5	rs10933431	233981912	G	C	−6.13	8.92 × 10−10
5	3	HESX1	rs184384746	57226150	T	C	5.69	1.24 × 10−8
6	4	CLNK	rs6448453	11026028	A	G	6	1.93 × 10−9
7	6	HLA-DRB1	rs6931277	32583357	T	A	−6.49	8.41 × 10−11
8	6	TREM2	rs187370608	40942196	A	G	8.26	1.45 × 10−16
9	6	CD2AP	rs9381563	47432637	C	T	6.33	2.52 × 10−10
10	7	ZCWPW1	rs1859788	99971834	A	G	−7.93	2.22 × 10−15
11	7	EPHA1	rs7810606	143108158	T	C	−6.62	3.59 × 10−11
12	7	CNTNAP2	rs114360492	145950029	T	C	5.99	2.10 × 10−9
13	8	CLU/PTK2B	rs4236673	27464929	A	G	−8.98	2.61 × 10−19
14	10	ECHDC3	rs11257238	11717397	C	T	5.69	1.26 × 10−8
15	11	MS4A6A	rs2081545	59958380	A	C	−7.97	1.55 × 10−15
16	11	PICALM	rs867611	85776544	G	A	−8.75	2.19 × 10−18
17	11	SORL1	rs11218343	121435587	C	T	−6.79	1.09 × 10−11
18	14	SLC24A4	rs12590654	92938855	A	G	−6.39	1.65 × 10−10
19	15	ADAM10	rs442495	59022615	C	T	−6.07	1.31 × 10−9
20	15	APH1B	rs117618017	63569902	T	C	5.52	3.35 × 10−8
21	16	KAT8	rs59735493	31133100	A	G	−5.49	3.98 × 10−8
22	17	SCIMP	rs113260531	5138980	A	G	6.12	9.16 × 10−10
23	17	ABI3	rs28394864	47450775	A	G	5.62	1.87 × 10−8
24	18	ALPK2	rs76726049	56189459	C	T	5.52	3.30 × 10−8
25	19	ABCA7	rs111278892	1039323	G	C	6.5	7.93 × 10−11
26	19	APOE	rs41289512	45351516	G	C	35.5	5.79 × 10−276
27	19	AC074212.3	rs76320948	46241841	T	C	5.46	4.64 × 10−8
28	19	CD33	rs3865444	51727962	A	C	−5.81	6.34 × 10−9
29	20	CASS4	rs6014724	54998544	G	A	−6.18	6.56 × 10−10
