locus	CHR	BP	SNP
1	1	72765116	rs2568958
2	13	53647048	rs1343605
3	5	164523472	rs11135349
4	5	103972357	rs30266
5	18	53099012	rs12967143
6	10	106610839	rs1021363
7	11	88744425	rs7932640
8	1	73668836	rs10890020
9	5	87545318	rs3099439
10	7	12253880	rs2043539
11	14	104017953	rs10149470
12	3	157977962	rs1095626
13	1	197704717	rs17641524
14	14	42074726	rs61990288
15	1	175913828	rs10913112
16	14	75130235	rs1045430
17	18	35138245	rs12967855
18	1	8489302	rs301799
19	11	113370758	rs61902811
20	16	13755530	rs56887639
21	9	36999369	rs7030813
22	1	37192741	rs1002656
23	16	13066833	rs7200826
24	2	58012833	rs1568452
25	18	52751639	rs12966052
26	22	41487218	rs5995992
27	9	11513019	rs1982277
28	18	50731802	rs7227069
29	7	109099919	rs58104186
30	7	117502574	rs7807677
31	1	52342427	rs1890946
32	9	119731045	rs10817969
33	15	37643831	rs8037355
34	16	7666402	rs7198928
35	1	177428018	rs72710803
36	6	66565703	rs9363467
37	5	93071630	rs10061069
38	9	23737627	rs3793577
39	9	126634255	rs2670139
40	6	142996618	rs2876520
41	6	105365891	rs1933802
42	18	77580712	rs7241572
43	12	84465022	rs56314503
44	11	61471678	rs198457
45	9	17016503	rs263645
46	13	99115041	rs4772087
47	16	6315880	rs7193263
48	2	22503044	rs12052908
49	6	101387304	rs7758630
50	1	50559162	rs11579246
51	14	64697037	rs1152578
52	2	208044470	rs62188629
53	3	44736493	rs4346585
54	12	121205078	rs3213572
55	3	61192911	rs141954845
56	13	66941792	rs9592461
57	8	71347626	rs67436663
58	11	30892824	rs1448938
59	16	21639710	rs12923444
60	4	131237381	rs35553410
61	13	31907741	rs1409379
62	18	52488672	rs62091461
63	7	2110346	rs3823624
64	9	31124452	rs34653192
65	20	39997404	rs143186028
66	8	65562019	rs7837935
67	2	157111313	rs1226412
68	7	82454404	rs2247523
69	13	80826373	rs9545360
70	15	47684936	rs34488670
71	3	49214066	rs13084037
72	9	2983774	rs1354115
73	11	70544937	rs7117514
74	20	44680853	rs12624433
75	7	82936909	rs16887442
76	11	57650796	rs2509805
77	9	25232978	rs59283172
78	4	177350956	rs7659414
79	6	165121844	rs2029865
80	5	61509655	rs60157091
81	11	65314830	rs58621819
82	11	127022560	rs57344483
83	4	123186393	rs45510091
84	1	80809636	rs113188507
85	6	147950422	rs725616
86	14	60141822	rs1956373
87	9	120484009	rs913930
88	4	3207142	rs7685686
89	2	86819128	rs7585722
90	3	117509984	rs6783233
91	1	181740924	rs169235
92	17	27363750	rs75581564
93	12	23987925	rs78337797
94	12	110741356	rs10774600
95	11	118713180	rs2187490
96	3	53244151	rs7624336
97	1	37709328	rs1466887
98	4	42110353	rs34937911
99	1	67146817	rs10789214
100	10	1795194	rs997934
101	19	30939989	rs33431
